{"cameraMode":{"drawMode":0,"name":"Shaded","section":"Shading Mode"},"sceneLighting":false,"audioPlay":false,"sceneViewState":{"showFog":true,"showMaterialUpdate":false,"showSkybox":true,"showFlares":true,"showImageEffects":true,"showParticleSystems":true},"in2DMode":false,"pivot":{"x":7.070073127746582,"y":-1.4358320236206055,"z":1.5520391464233399},"rotation":{"x":0.4759327471256256,"y":-0.16407595574855805,"z":0.09088126569986344,"w":0.8592483401298523},"size":9.123444557189942,"orthographic":false}