{"cameraMode":{"drawMode":0,"name":"Shaded","section":"Shading Mode"},"sceneLighting":true,"audioPlay":false,"sceneViewState":{"showFog":true,"showMaterialUpdate":false,"showSkybox":true,"showFlares":true,"showImageEffects":true,"showParticleSystems":true,"showVisualEffectGraphs":true},"in2DMode":false,"pivot":{"x":15.776147842407227,"y":-3.931763172149658,"z":8.467832565307618},"rotation":{"x":-0.19681037962436677,"y":-0.5844751000404358,"z":0.14880996942520142,"w":-0.7729983925819397},"size":25.202409744262697,"orthographic":false}