{"cameraMode":{"drawMode":0,"name":"Shaded","section":"Shading Mode"},"sceneLighting":true,"audioPlay":false,"sceneViewState":{"showFog":true,"showMaterialUpdate":false,"showSkybox":true,"showFlares":true,"showImageEffects":true,"showParticleSystems":true,"showVisualEffectGraphs":true},"in2DMode":false,"pivot":{"x":-8.521270751953125,"y":0.12203647941350937,"z":9.939878463745118},"rotation":{"x":-0.06166653707623482,"y":0.6785614490509033,"z":-0.05734683573246002,"w":-0.7297061681747437},"size":25.47669219970703,"orthographic":false}